ï»¿RK,YEAR,NAME ,TEAM,CONF,MIN%,PRPG!,BPM,ORTG,USG,EFG,TS,OR,DR,AST,TO,BLK,STL,FTR,2P,3P
1,Sr,Frank Mason III,Kansas,B12,89.4,6.8,10.0,125.2,25.5,57.3,62.2,2.0,10.4,26.1,14.4,0.2,2.0,48.4,0.5,0.471
2,So,Luke Kennard,Duke,ACC,88.8,6.4,9.3,127.3,23.0,57.9,62.9,3.9,12.1,13.6,11.2,0.9,1.4,38.6,0.525,0.438
3,Jr,Semi Ojeleye,SMU,Amer,85.4,6.1,8.4,127.5,24.5,57.2,62.1,8.4,15.0,9.3,10.7,1.6,0.8,50.8,0.529,0.424
4,Sr,Derrick Walton Jr.,Michigan,B10,86.2,6.1,9.5,125.8,23.8,56.1,62.3,1.7,16.1,27.3,13.2,0.1,2.0,43.4,0.456,0.422
5,Sr,Monte Morris,Iowa St.,B12,86.8,6.0,9.4,124.2,23.8,52.3,55.5,3.7,11.3,32.0,8.1,0.8,2.4,23.9,0.503,0.378
6,Sr,Josh Hart,Villanova,BE,82.9,6.0,10.8,122.3,27.1,59.0,61.9,5.9,17.5,18.8,13.4,1.0,2.9,36.7,0.579,0.404
7,So,Mike Daum,South Dakota St.,Sum,81.6,5.9,6.3,121.0,33.0,58.8,65.5,7.9,20.0,11.2,14.9,1.2,1.0,53.3,0.564,0.419
8,Sr,Sindarius Thornwell,South Carolina,SEC,71.9,5.9,15.8,118.2,29.2,51.0,59.0,8.0,16.2,19.4,14.2,3.4,3.6,59.0,0.471,0.392
10,So,Jawun Evans,Oklahoma St.,B12,70.8,5.7,8.5,116.1,33.3,47.5,53.3,2.8,10.8,44.2,15.9,0.5,3.2,38.6,0.453,0.376
11,Jr,Jeffrey Carroll,Oklahoma St.,B12,73.4,5.6,9.4,130.4,22.5,61.6,65.4,7.4,18.3,7.8,12.8,0.6,1.6,40.6,0.589,0.443
12,Jr,Bonzie Colson,Notre Dame,ACC,80.0,5.6,9.5,122.8,25.6,55.5,59.8,10.6,25.4,10.2,8.8,4.5,2.0,40.1,0.54,0.433
14,Fr,Lonzo Ball,UCLA,P12,87.6,5.5,11.0,129.4,20.1,66.8,67.3,3.2,14.3,31.4,18.9,2.1,2.8,28.6,0.732,0.412
15,So,Jalen Brunson,Villanova,BE,77.8,5.4,7.1,125.7,23.5,60.4,65.5,2.1,7.9,26.1,17.2,0.0,1.7,40.5,0.621,0.378
16,Fr,Lauri Markkanen,Arizona,P12,77.0,5.4,8.6,130.1,21.5,58.4,63.5,10.0,17.5,5.6,9.8,1.8,0.8,43.6,0.545,0.423
24,Jr,Jock Landale,Saint Mary's,WCC,70.7,5.1,9.2,121.1,30.3,61.6,64.0,14.9,27.4,14.4,16.2,4.5,0.7,42.1,0.63,0.222
25,Sr,Marcus Marshall,Nevada,MWC,88.3,5.0,5.1,120.0,24.0,53.9,59.3,1.1,6.5,20.7,11.3,0.2,1.4,40.7,0.489,0.38
28,Jr,Justin Jackson,North Carolina,ACC,80.2,5.0,8.8,119.2,23.9,53.0,55.5,4.9,10.8,16.0,12.3,0.8,1.4,22.4,0.51,0.368
34,Fr,TJ Leaf,UCLA,P12,72.8,4.8,7.5,128.2,21.5,65.2,66.0,9.1,19.7,13.2,12.4,3.5,1.1,27.8,0.644,0.466
35,So,Caleb Swanigan,Purdue,B10,80.5,4.8,8.4,112.9,28.5,57.2,62.0,10.7,32.7,18.7,20.9,2.5,0.8,49.9,0.548,0.447
36,Jr,Nigel Williams-Goss,Gonzaga,WCC,79.6,4.7,10.3,119.3,24.9,53.3,59.4,2.2,15.7,25.8,14.8,0.2,2.9,40.0,0.527,0.368
37,Sr,"Phil Forte, III",Oklahoma St.,B12,78.0,4.7,6.6,130.7,16.1,56.8,61.8,2.6,7.1,8.3,11.3,0.2,2.0,27.4,0.455,0.421
39,Jr,Johnathan Motley,Baylor,B12,74.9,4.7,7.3,110.0,30.3,52.7,56.3,14.9,22.9,16.7,19.2,3.9,0.7,42.3,0.538,0.258
41,Fr,Malik Monk,Kentucky,SEC,79.9,4.7,7.9,115.7,25.1,54.3,58.6,1.1,7.2,13.3,13.3,1.5,1.6,32.3,0.497,0.397
52,Jr,Brandon Goodwin,Florida Gulf Coast,ASun,81.1,4.5,6.8,121.2,26.9,56.2,60.6,3.4,12.9,24.0,14.3,0.2,1.9,40.8,0.594,0.338
54,So,Shake Milton,SMU,Amer,88.4,4.5,7.3,121.0,19.3,55.5,58.1,1.5,11.7,24.2,16.3,1.2,2.2,26.1,0.455,0.423
55,Sr,Zach LeDay,Virginia Tech,ACC,72.9,4.5,4.9,117.2,26.8,55.4,61.4,11.0,18.5,8.6,13.4,3.5,1.1,63.2,0.573,0.275
57,Jr,Trevon Bluiett,Xavier,BE,82.8,4.5,5.4,112.1,24.2,53.3,57.6,2.4,16.6,12.3,14.9,0.4,1.5,41.2,0.506,0.373
61,Sr,Bryce Alford,UCLA,P12,82.6,4.4,4.5,126.9,17.7,59.7,63.0,1.1,6.5,11.1,8.9,0.4,0.9,30.2,0.487,0.43
63,So,Jacob Evans III,Cincinnati,Amer,78.5,4.4,9.7,124.2,20.1,57.0,59.6,5.5,9.8,16.2,11.8,3.1,2.5,31.5,0.521,0.418
66,Jr,Devonte' Graham,Kansas,B12,87.2,4.4,7.2,120.1,17.8,55.6,58.6,1.6,7.9,19.2,15.8,0.6,2.4,25.1,0.504,0.388
72,Sr,Keon Johnson,Winthrop,BSth,84.3,4.3,3.3,114.5,28.9,53.1,59.1,1.5,11.1,16.2,12.9,0.0,1.0,39.7,0.466,0.398
74,So,Devontae Cacok,UNC Wilmington,CAA,64.6,4.3,6.7,141.5,16.8,79.0,76.1,14.6,28.0,2.5,13.1,5.1,2.3,47.8,0.79,0.0
76,Sr,Nazareth Mitrou-Long,Iowa St.,B12,81.7,4.2,6.4,117.7,20.4,59.8,61.9,2.4,12.6,14.2,14.1,0.1,2.1,19.9,0.64,0.384
78,So,Donovan Mitchell,Louisville,ACC,80.1,4.2,10.1,114.4,23.3,49.8,53.4,3.7,12.9,16.0,12.7,1.7,3.7,24.3,0.463,0.354
79,Fr,Jayson Tatum,Duke,ACC,65.3,4.2,6.7,108.9,25.4,50.7,56.6,4.9,19.7,12.4,17.7,3.2,2.3,38.1,0.504,0.342
80,Jr,Grayson Allen,Duke,ACC,68.0,4.1,5.2,113.7,25.0,50.8,56.9,2.7,11.3,21.5,16.9,0.2,1.5,44.5,0.444,0.365
81,Jr,Joel Berry II,North Carolina,ACC,72.3,4.1,7.9,118.2,21.2,53.2,57.0,1.4,9.5,19.7,16.1,0.5,2.4,32.9,0.482,0.384
82,Sr,Sterling Brown,SMU,Amer,81.6,4.1,8.0,117.6,21.6,54.6,58.3,6.0,16.9,17.9,17.3,2.2,2.7,31.3,0.465,0.449
84,Jr,Matt Farrell,Notre Dame,ACC,85.7,4.1,5.1,112.5,22.8,55.3,58.5,0.9,5.8,29.4,19.2,0.4,2.4,26.6,0.476,0.42
89,Fr,De'Aaron Fox,Kentucky,SEC,69.8,4.1,7.1,110.7,27.6,49.7,54.8,2.1,12.2,28.6,15.8,0.7,2.7,47.1,0.52,0.246
95,So,Ethan Happ,Wisconsin,B10,68.7,4.0,13.1,113.1,28.2,58.6,57.6,13.2,25.4,23.2,17.2,4.7,4.0,43.5,0.586,0.0
96,Sr,Jimmy Hall,Kent St.,MAC,80.8,4.0,5.8,112.6,29.0,52.0,56.3,13.1,22.8,17.5,17.7,4.3,1.5,36.1,0.532,0.15
101,Sr,Denzel Ingram,UNC Wilmington,CAA,84.6,4.0,4.7,118.7,22.0,52.5,54.4,1.8,6.0,25.3,12.2,0.2,2.2,18.1,0.469,0.367
102,Sr,Davon Reed,Miami FL,ACC,87.9,4.0,7.5,113.8,21.3,53.9,58.0,2.9,13.1,14.4,16.6,1.5,2.3,29.0,0.474,0.397
104,Fr,Josh Jackson,Kansas,B12,74.0,4.0,8.5,108.2,27.3,55.2,56.0,8.7,17.4,18.2,18.4,3.5,3.1,40.3,0.549,0.378
105,Jr,Vincent Edwards,Purdue,B10,70.5,4.0,8.1,120.0,21.8,55.8,59.3,8.4,11.8,21.1,15.3,1.9,1.1,26.7,0.518,0.423
107,So,Mikal Bridges,Villanova,BE,74.5,4.0,10.1,128.5,15.5,64.4,67.6,5.3,13.4,12.0,16.9,3.5,3.4,24.0,0.694,0.393
108,Jr,Dillon Brooks,Oregon,P12,56.9,3.9,7.8,113.3,30.1,55.4,58.2,4.7,9.9,23.0,15.8,2.0,2.5,29.6,0.526,0.404
110,So,Edmond Sumner,Xavier,BE,45.6,3.9,7.6,110.2,24.8,50.7,57.0,1.8,13.5,30.3,19.6,2.7,2.3,64.5,0.533,0.273
111,So,D.J. Wilson,Michigan,B10,75.2,3.9,7.0,122.3,18.1,60.5,62.8,6.7,16.3,8.5,12.7,5.2,1.0,19.7,0.631,0.373
112,Jr,Jevon Carter,West Virginia,B12,78.7,3.9,10.3,118.0,19.6,53.3,57.1,3.4,14.9,20.5,16.1,0.9,4.4,32.9,0.484,0.389
113,Fr,Landry Shamet,Wichita St.,MVC,67.1,3.9,8.3,130.3,18.4,60.3,63.4,2.3,8.8,22.2,12.6,0.9,1.4,30.2,0.521,0.441
114,Jr,Manu Lecomte,Baylor,B12,71.5,3.9,6.1,117.0,20.9,54.5,58.5,0.9,6.3,24.1,19.6,0.2,1.8,29.4,0.453,0.409
118,Jr,Gary Clark,Cincinnati,Amer,71.1,3.9,9.2,124.0,19.7,55.4,58.5,12.3,19.5,14.0,12.4,4.7,2.1,43.1,0.581,0.286
120,Jr,Calvin Hermanson,Saint Mary's,WCC,71.4,3.9,7.0,125.7,19.3,63.4,65.3,3.3,9.7,6.4,11.5,0.6,1.1,19.1,0.609,0.431
121,So,Tyler Dorsey,Oregon,P12,75.4,3.9,5.5,117.7,21.5,57.4,60.5,3.3,9.6,10.9,13.9,0.4,1.5,34.5,0.51,0.424
127,Sr,Bronson Koenig,Wisconsin,B10,75.4,3.8,5.8,116.1,21.4,53.8,56.5,0.6,7.6,13.2,13.0,1.2,1.3,14.6,0.459,0.393
132,Sr,Reggie Upshaw,Middle Tennessee,CUSA,80.1,3.8,7.1,118.4,22.5,56.1,58.8,8.3,16.9,13.7,12.7,3.3,2.1,33.7,0.595,0.317
133,So,KeVaughn Allen,Florida,SEC,70.7,3.8,8.9,116.7,21.0,54.0,58.5,0.9,8.5,10.5,12.1,1.0,2.5,26.9,0.52,0.371
134,Sr,Amile Jefferson,Duke,ACC,70.2,3.8,7.4,121.6,17.9,61.3,62.4,9.7,22.0,9.3,15.1,5.9,1.3,60.1,0.613,0.0
135,Sr,Steve Vasturia,Notre Dame,ACC,86.1,3.8,4.3,113.6,19.9,51.1,56.1,2.4,10.6,17.5,13.7,0.3,2.0,26.7,0.491,0.358
136,Jr,J.P. Macura,Xavier,BE,83.4,3.8,5.8,111.3,22.0,50.1,55.0,4.6,10.8,17.2,16.1,0.7,2.5,37.5,0.496,0.339
138,Jr,Khadeen Carrington,Seton Hall,BE,82.3,3.8,5.5,108.6,25.4,49.4,53.6,1.9,8.6,18.3,15.4,1.0,2.0,37.4,0.448,0.382
142,Jr,Giddy Potts,Middle Tennessee,CUSA,76.2,3.8,7.3,119.4,22.8,57.6,60.6,3.8,17.3,11.6,11.6,0.8,2.6,26.3,0.574,0.385
143,Jr,Melo Trimble,Maryland,B10,81.2,3.8,4.5,104.8,28.4,50.4,55.8,1.0,11.6,25.6,19.7,0.5,2.0,42.0,0.531,0.313
144,Fr,Edrice Adebayo,Kentucky,SEC,75.1,3.7,6.8,118.4,19.2,59.9,62.4,11.2,17.2,4.7,15.5,4.9,1.2,83.1,0.601,0.0
147,Sr,Matt Thomas,Iowa St.,B12,76.0,3.7,6.3,122.7,16.4,62.3,64.7,2.3,11.5,9.1,12.8,0.4,1.7,18.0,0.538,0.445
148,Jr,Riley LaChance,Vanderbilt,SEC,77.6,3.7,4.8,118.7,17.8,60.7,64.8,0.8,11.0,26.5,20.6,0.1,1.1,31.6,0.437,0.486
150,Fr,Miles Bridges,Michigan St.,B10,63.7,3.7,9.4,106.6,25.5,56.3,58.0,5.7,23.0,14.5,16.9,4.9,1.2,25.3,0.55,0.389
151,Sr,Ben Moore,SMU,Amer,80.8,3.7,6.4,117.4,19.5,56.2,57.9,10.1,18.0,14.5,16.1,4.5,1.7,45.1,0.566,0.2
153,Jr,Daryl Macon,Arkansas,SEC,63.1,3.7,6.4,118.5,23.4,55.8,62.6,2.4,8.9,16.4,17.1,0.2,2.5,50.5,0.531,0.387
154,Sr,London Perrantes,Virginia,ACC,79.2,3.7,7.3,109.7,24.0,50.6,54.4,1.3,10.6,24.7,14.7,0.3,1.5,25.8,0.453,0.374
155,Jr,Jordan McLaughlin,USC,P12,85.0,3.7,3.8,115.2,20.8,52.5,56.9,2.7,8.9,29.6,17.9,0.3,2.5,33.7,0.487,0.402
162,Jr,Thomas Welsh,UCLA,P12,55.7,3.7,5.6,132.2,16.8,58.7,61.5,10.7,25.5,6.1,5.6,5.1,0.7,18.2,0.584,1.0
163,Sr,Nigel Hayes,Wisconsin,B10,80.0,3.7,5.5,109.1,24.9,48.5,51.4,8.0,16.5,16.8,13.0,1.3,1.4,58.4,0.488,0.314
168,Jr,Andrew Rowsey,Marquette,BE,51.9,3.6,7.3,126.7,23.2,61.5,67.4,1.1,9.1,19.7,15.3,0.2,1.8,41.3,0.493,0.447
169,Sr,Luke Fischer,Marquette,BE,59.8,3.6,5.2,124.5,20.6,64.7,64.3,13.3,16.3,9.5,13.6,7.2,1.4,36.6,0.647,0.0
170,Sr,Andrew Chrabascz,Butler,BE,81.2,3.6,4.5,113.4,20.4,49.8,55.5,6.1,11.5,17.6,15.1,1.0,1.3,48.6,0.484,0.362
171,Jr,Quentin Snider,Louisville,ACC,64.0,3.6,5.2,113.7,21.1,47.8,51.0,2.8,6.7,23.3,13.2,0.0,1.1,27.2,0.397,0.373
173,Jr,Angel Delgado,Seton Hall,BE,81.6,3.6,4.8,106.5,26.4,54.3,55.1,16.6,27.7,14.2,19.7,1.1,1.1,54.0,0.543,0.0
176,So,C.J. Bryce,UNC Wilmington,CAA,85.5,3.6,2.9,112.3,24.3,52.5,54.6,5.4,13.5,14.6,13.0,0.4,1.5,31.4,0.532,0.336
177,Sr,Scoochie Smith,Dayton,A10,78.1,3.6,5.9,113.2,23.0,54.8,59.1,1.4,9.8,29.7,17.0,0.4,2.9,40.6,0.527,0.382
179,Sr,Ian Baker,New Mexico St.,WAC,80.7,3.6,3.9,111.3,25.3,45.5,52.7,1.6,12.2,25.4,15.0,0.3,2.2,45.1,0.472,0.291
182,Sr,Kennedy Meeks,North Carolina,ACC,60.9,3.6,8.5,119.4,22.6,54.5,56.0,16.4,25.0,7.6,11.8,5.4,2.1,37.0,0.547,0.0
184,Sr,JeQuan Lewis,VCU,A10,76.8,3.6,7.4,111.8,24.6,53.7,58.3,0.8,9.7,28.3,18.4,0.3,3.2,35.1,0.518,0.367
186,Sr,Dexter Werner,North Dakota St.,Sum,62.7,3.6,7.6,128.0,22.8,60.7,64.6,12.9,21.2,11.6,11.1,4.6,3.4,64.6,0.61,0.0
189,Sr,T.J. Cromer,East Tennessee St.,SC,79.0,3.6,4.6,112.0,27.3,56.4,60.1,1.8,8.4,21.0,18.1,1.5,1.9,28.9,0.514,0.408
190,Jr,Jordan Bell,Oregon,P12,72.5,3.6,9.8,119.9,19.2,64.0,65.5,12.4,21.8,11.5,20.6,8.5,2.6,41.6,0.661,0.154
191,Sr,Jacorey Williams,Middle Tennessee,CUSA,74.4,3.6,4.7,110.8,28.6,53.4,55.9,7.2,23.0,11.5,11.7,1.8,1.8,31.0,0.544,0.143
197,Sr,Wesley Iwundu,Kansas St.,B12,78.1,3.5,6.5,110.5,22.6,53.2,58.5,4.1,20.0,22.9,19.2,1.2,1.9,50.6,0.52,0.376
203,So,Jarrey Foster,SMU,Amer,71.8,3.5,6.5,122.4,17.5,59.8,60.0,10.0,10.7,13.9,15.3,3.7,1.3,31.1,0.57,0.444
205,Sr,Maurice Watson Jr.,Creighton,BE,40.3,3.5,4.4,108.5,27.8,54.6,56.8,1.3,7.8,48.0,24.0,0.0,2.7,27.2,0.51,0.484
206,So,Khyri Thomas,Creighton,BE,78.8,3.5,8.1,115.3,20.0,58.4,60.5,5.7,14.5,17.4,17.4,1.4,2.7,23.7,0.574,0.4
209,So,Dwayne Bacon,Florida St.,ACC,72.0,3.5,4.7,108.4,27.4,51.0,54.4,4.0,11.9,11.6,14.1,0.4,1.9,28.2,0.516,0.333
210,Sr,Luke Kornet,Vanderbilt,SEC,78.4,3.5,7.0,109.9,21.9,48.0,54.7,5.9,16.6,8.5,11.2,6.7,1.0,39.2,0.472,0.327
211,Jr,Kelan Martin,Butler,BE,71.3,3.5,4.5,105.6,28.7,50.4,55.1,4.5,20.7,8.6,14.1,1.8,1.4,36.3,0.489,0.348
213,Fr,Markus Howard,Marquette,BE,53.0,3.5,7.3,118.6,25.5,65.8,68.6,1.6,10.3,19.9,20.5,0.3,2.1,23.4,0.454,0.547
215,Sr,Kris Jenkins,Villanova,BE,77.6,3.5,4.9,112.2,21.6,50.0,55.3,1.6,14.2,12.0,13.2,1.1,2.2,31.4,0.427,0.36
219,So,Moritz Wagner,Michigan,B10,59.2,3.4,6.3,117.3,24.0,63.5,65.4,7.6,15.2,4.7,15.6,1.6,2.7,35.3,0.661,0.395
224,Jr,Nate Mason,Minnesota,B10,84.5,3.4,4.9,105.5,24.6,43.6,49.4,2.0,8.8,29.1,12.8,0.3,2.2,34.7,0.383,0.36
233,Fr,Bruce Brown,Miami FL,ACC,79.5,3.4,7.6,111.5,21.5,51.5,55.9,5.6,15.3,20.7,18.2,1.9,2.9,41.4,0.513,0.347
234,So,Chris Clarke,Virginia Tech,ACC,52.2,3.4,7.6,116.2,21.4,59.7,62.5,6.6,22.6,21.6,18.8,1.0,2.5,69.1,0.618,0.231
235,So,Jordan Caroline,Nevada,MWC,87.5,3.4,2.6,109.4,22.6,50.0,52.9,11.0,17.4,10.6,12.5,0.9,1.8,66.8,0.498,0.337
239,Sr,Hassan Martin,Rhode Island,A10,55.8,3.3,8.2,116.4,23.4,59.5,61.2,9.2,19.9,6.4,13.7,10.0,1.6,42.1,0.599,0.25
240,Jr,Zach Thomas,Bucknell,Pat,74.4,3.3,5.9,108.9,27.9,54.6,60.1,4.6,20.5,23.1,21.0,1.7,2.1,45.1,0.508,0.409
242,Fr,Jonathan Isaac,Florida St.,ACC,59.9,3.3,9.1,118.8,20.0,56.8,61.4,7.7,25.0,7.5,15.7,6.2,2.4,46.1,0.593,0.348
244,Sr,Charles Cooke,Dayton,A10,71.0,3.3,6.7,106.9,25.6,52.7,56.3,3.9,15.3,18.8,15.3,3.5,2.0,45.9,0.485,0.398
245,Sr,Dusty Hannahs,Arkansas,SEC,61.9,3.3,3.5,113.1,25.0,53.5,58.9,2.6,5.0,9.6,15.0,0.5,1.0,31.1,0.49,0.387
249,Sr,Tyler Lewis,Butler,BE,54.2,3.3,5.5,130.2,17.0,59.9,63.7,1.6,6.7,32.6,15.6,0.2,1.8,58.4,0.605,0.393
253,Jr,Dakota Mathias,Purdue,B10,78.5,3.3,6.0,121.7,14.7,61.4,63.1,1.3,12.3,20.4,18.3,0.4,1.5,15.5,0.5,0.453
256,So,Chimezie Metu,USC,P12,78.1,3.3,3.4,111.4,22.8,55.3,59.5,7.5,20.3,8.9,16.9,4.9,1.4,47.5,0.552,0.5
258,So,Eli Chuha,New Mexico St.,WAC,65.1,3.2,3.7,120.6,21.9,61.0,63.0,15.4,21.9,8.4,16.1,1.3,1.2,73.0,0.615,0.25
266,Sr,Isaiah Hicks,North Carolina,ACC,56.2,3.2,6.2,118.2,21.5,57.2,61.8,8.5,16.7,10.9,18.3,3.7,1.0,47.2,0.572,0.0
269,Sr,Jordan Washington,Iona,MAAC,53.7,3.2,1.8,108.0,37.7,55.3,58.9,12.4,25.2,7.5,15.1,1.9,2.3,55.9,0.555,0.25
270,Fr,Nick Ward,Michigan St.,B10,49.4,3.2,7.3,110.2,32.5,59.2,60.5,17.5,20.2,5.3,15.0,8.0,1.0,65.4,0.592,0.0
271,Jr,Justin Tillman,VCU,A10,59.2,3.2,4.1,118.2,21.3,59.2,59.9,13.2,26.5,3.1,10.9,2.2,0.6,31.0,0.594,0.0
272,Sr,Canyon Barry,Florida,SEC,51.3,3.1,7.4,117.0,23.3,49.5,57.0,4.4,10.3,6.0,10.1,1.6,1.4,44.3,0.488,0.336
273,Fr,Frank Jackson,Duke,ACC,60.5,3.1,4.0,116.4,20.4,56.4,59.8,3.1,8.2,12.6,15.4,0.2,1.3,36.3,0.539,0.395
274,So,Devin Cannady,Princeton,Ivy,79.9,3.1,4.6,115.7,20.6,54.6,59.7,1.2,12.6,11.2,11.3,1.1,2.2,27.6,0.429,0.403
275,Jr,Devin Robinson,Florida,SEC,65.4,3.1,7.6,115.9,19.1,54.7,57.6,7.3,18.5,4.8,12.2,3.1,1.9,33.8,0.524,0.391
278,Fr,Justin Patton,Creighton,BE,63.8,3.1,7.5,117.1,21.1,69.2,67.5,7.7,18.9,8.6,17.7,5.9,1.9,29.0,0.684,0.571
279,Sr,Brynton Lemar,UC Davis,BW,83.1,3.1,3.5,110.6,23.9,50.8,55.9,2.2,9.1,17.4,12.9,0.4,1.3,42.1,0.444,0.386
284,Fr,Sam Hauser,Marquette,BE,65.9,3.1,5.6,127.8,13.6,62.7,64.2,4.3,17.9,8.3,10.8,2.3,1.7,14.1,0.515,0.453
286,So,Dean Wade,Kansas St.,B12,69.8,3.1,6.0,120.0,16.3,57.8,59.5,7.3,12.2,13.1,12.5,2.6,1.6,33.9,0.561,0.402
287,Sr,Zak Irvin,Michigan,B10,87.6,3.1,3.2,104.9,22.2,51.6,53.1,2.3,14.3,16.5,15.0,0.2,1.6,17.7,0.516,0.344
288,Jr,P.J. Thompson,Purdue,B10,70.7,3.1,5.6,128.4,12.2,59.4,60.9,3.0,5.4,16.8,12.2,0.1,2.1,23.0,0.576,0.402
289,Sr,Steven Cook,Princeton,Ivy,77.2,3.1,5.6,113.4,22.8,56.6,58.6,5.9,14.7,12.0,12.7,1.1,3.2,34.7,0.521,0.42
292,Jr,Nana Foulland,Bucknell,Pat,67.0,3.1,5.2,111.9,25.6,63.0,62.2,10.2,22.3,9.6,16.7,7.8,1.6,58.1,0.63,0.0
293,So,Markis McDuffie,Wichita St.,MVC,64.0,3.1,8.0,117.8,21.7,51.4,58.0,7.9,16.4,12.3,14.5,1.4,2.6,51.4,0.508,0.352
294,Jr,Emmett Naar,Saint Mary's,WCC,82.1,3.1,3.4,112.7,20.1,52.3,57.1,0.9,8.2,30.7,24.2,0.3,1.4,31.3,0.462,0.424
295,Sr,Joe Rahon,Saint Mary's,WCC,91.0,3.1,5.2,116.0,16.5,49.8,52.3,1.7,10.8,27.1,18.6,0.9,1.9,21.2,0.469,0.36
313,Jr,Conner Frankamp,Wichita St.,MVC,60.6,3.1,8.2,129.8,15.6,59.6,60.9,0.7,6.1,19.7,10.0,1.1,1.8,13.9,0.463,0.442
318,Sr,D.J. Johnson,Kansas St.,B12,62.8,3.0,4.0,115.4,20.1,62.3,64.7,10.5,16.0,3.8,17.6,6.5,1.6,55.1,0.623,0.0
319,Jr,Marcus Foster,Creighton,BE,78.3,3.0,1.7,101.7,28.1,52.1,54.0,1.0,8.9,14.4,14.1,0.2,1.0,20.2,0.532,0.336
320,So,Drew McDonald,Northern Kentucky,Horz,76.6,3.0,2.0,109.7,26.1,52.4,56.4,7.4,21.2,12.0,15.8,1.9,0.7,39.1,0.498,0.383
322,Jr,Desi Rodriguez,Seton Hall,BE,79.0,3.0,4.0,104.5,24.8,49.7,51.9,4.4,13.9,11.7,15.1,1.4,1.5,30.4,0.48,0.355
323,So,Deng Adel,Louisville,ACC,72.4,3.0,5.3,111.5,19.9,48.9,52.8,2.6,13.8,12.8,13.3,1.4,1.2,28.8,0.469,0.349
324,Jr,Braxton Huggins,New Mexico St.,WAC,70.0,3.0,2.6,117.9,20.5,57.2,61.5,2.0,8.4,9.5,15.9,0.7,0.6,36.9,0.465,0.417
327,Sr,V.J. Beachem,Notre Dame,ACC,85.1,3.0,4.3,107.7,19.9,52.0,54.6,2.2,11.4,4.8,9.7,3.2,1.6,16.5,0.495,0.361
328,So,Aaron Holiday,UCLA,P12,65.8,3.0,3.7,113.1,23.2,57.1,61.0,1.5,9.5,24.4,21.3,0.6,2.2,35.9,0.539,0.411
329,Sr,Erik Durham,Jacksonville St.,OVC,83.8,3.0,3.9,125.4,14.5,66.2,66.4,4.9,11.5,11.6,15.6,0.3,1.3,27.7,0.578,0.476
332,Sr,Troy Caupain,Cincinnati,Amer,80.1,3.0,5.5,112.9,19.1,46.8,50.0,2.3,14.1,24.4,12.9,1.1,2.2,30.0,0.453,0.325
336,Jr,Kyle Washington,Cincinnati,Amer,61.3,3.0,4.6,111.2,26.0,53.0,55.9,10.3,21.3,7.6,14.0,5.5,0.9,31.6,0.53,0.357
337,Jr,Matthew Fisher-Davis,Vanderbilt,SEC,67.4,3.0,4.3,105.7,24.4,52.1,56.7,1.4,11.5,8.7,13.4,0.9,1.3,33.7,0.459,0.372
338,Sr,Zak Showalter,Wisconsin,B10,73.1,3.0,6.2,124.1,13.1,61.4,64.2,3.1,8.7,10.6,17.5,1.1,3.2,24.8,0.637,0.398
341,Sr,Seth Allen,Virginia Tech,ACC,69.5,3.0,3.9,108.8,23.5,62.6,64.7,1.1,8.1,22.9,23.6,0.4,1.6,35.6,0.601,0.441
353,Jr,Muhammad-Ali Abdur-Rahkman,Michigan,B10,75.8,2.9,3.6,115.4,16.4,54.4,57.8,3.1,8.7,11.7,13.2,0.4,1.9,31.3,0.527,0.378
358,Sr,Demetris Morant,Florida Gulf Coast,ASun,65.4,2.9,3.6,130.9,15.7,74.6,72.7,13.0,21.4,3.5,16.8,5.6,0.6,31.4,0.746,0.0
361,Sr,D.J. Fenner,Nevada,MWC,74.9,2.9,1.6,111.9,20.7,54.3,59.3,3.6,9.5,10.7,16.2,1.2,1.1,36.4,0.462,0.435
363,Jr,Dusan Ristic,Arizona,P12,55.5,2.9,3.5,115.9,22.2,55.8,58.6,9.9,18.3,4.2,12.8,2.1,0.8,27.5,0.556,0.5
365,So,Cameron Oliver,Nevada,MWC,79.4,2.9,5.7,105.9,24.2,54.1,56.5,5.7,23.8,11.9,17.2,8.3,1.5,30.0,0.519,0.384
368,Jr,Stephen Brown,Bucknell,Pat,75.6,2.9,4.4,113.9,20.3,54.3,56.5,1.4,10.5,29.1,16.6,0.3,3.0,30.9,0.5,0.402
370,Fr,Rawle Alkins,Arizona,P12,70.1,2.9,5.9,110.9,21.2,53.4,56.6,7.1,13.6,14.0,18.2,1.8,1.9,32.7,0.521,0.37
376,Sr,Chris Flemmings,UNC Wilmington,CAA,87.4,2.8,3.5,110.2,20.6,53.7,56.9,3.5,15.5,10.4,17.0,2.0,2.0,29.6,0.58,0.328
379,So,Isaiah Briscoe,Kentucky,SEC,71.8,2.8,4.6,105.1,22.3,49.4,52.4,5.3,13.7,23.3,19.5,0.6,1.5,42.7,0.507,0.288
387,Sr,Nathan Adrian,West Virginia,B12,74.5,2.8,6.4,113.0,17.5,47.8,51.7,9.2,13.4,16.3,16.4,1.9,2.4,35.3,0.5,0.294
388,Sr,Chris Boucher,Oregon,P12,46.5,2.8,6.9,115.5,21.8,58.9,59.0,9.3,19.6,3.1,11.3,11.7,1.0,32.0,0.633,0.347
402,Sr,Kyle Davis,Dayton,A10,64.7,2.8,6.1,124.7,13.3,62.2,63.8,2.2,13.7,17.7,13.4,1.3,3.2,55.4,0.642,0.397
407,Jr,Jeff Roberson,Vanderbilt,SEC,78.9,2.8,4.0,105.8,20.3,48.3,54.1,7.7,17.7,11.7,17.0,1.3,1.6,41.3,0.466,0.339
408,Jr,E.C. Matthews,Rhode Island,A10,72.9,2.8,3.7,105.7,25.0,50.6,54.6,2.5,13.9,10.1,15.1,1.3,1.0,38.2,0.507,0.337
410,Sr,Przemek Karnowski,Gonzaga,WCC,57.8,2.8,7.9,111.4,25.8,58.6,59.2,7.7,18.2,16.1,16.9,3.9,1.1,39.3,0.588,0.0
420,Sr,Isaac Hamilton,UCLA,P12,75.1,2.7,1.2,108.5,22.0,54.0,56.0,3.4,8.9,13.8,16.1,0.5,1.2,13.4,0.531,0.366
422,Jr,Paul Miller,North Dakota St.,Sum,84.1,2.7,2.2,108.5,24.3,54.8,58.4,2.0,15.9,11.5,15.0,1.4,1.7,39.0,0.529,0.376
425,Jr,Elijah Stewart,USC,P12,74.3,2.7,3.7,114.0,18.6,54.1,56.0,4.9,9.9,7.5,10.6,4.0,1.5,22.7,0.49,0.386
428,Jr,Xavier Rathan-Mayes,Florida St.,ACC,69.2,2.7,4.3,109.9,21.5,52.0,52.6,2.6,10.0,28.8,17.2,0.4,1.9,39.5,0.547,0.323
431,Sr,Katin Reinhardt,Marquette,BE,58.3,2.7,2.5,110.6,20.8,51.4,55.2,3.5,9.0,14.1,14.1,0.4,1.4,20.9,0.443,0.375
434,Jr,Jared Terrell,Rhode Island,A10,76.4,2.7,3.1,109.0,21.0,48.7,53.9,3.6,6.8,12.5,14.0,0.6,2.0,43.7,0.466,0.346
436,Fr,Anthony Cowan,Maryland,B10,73.0,2.7,3.9,107.6,21.1,48.6,56.6,3.5,11.2,23.7,21.9,0.5,2.3,70.0,0.469,0.347
437,Jr,Trae Bell-Haynes,Vermont,AE,69.4,2.7,2.9,112.1,24.2,51.6,56.1,3.3,8.5,26.7,17.1,0.4,2.4,46.8,0.522,0.327
438,So,Justin Robinson,Virginia Tech,ACC,78.1,2.7,1.9,107.5,20.8,49.4,56.0,2.0,9.1,27.0,21.4,0.6,1.3,55.4,0.459,0.358
442,Sr,Kendall Pollard,Dayton,A10,52.8,2.7,4.6,104.9,26.8,52.8,56.7,4.7,17.5,12.1,14.7,2.9,3.2,72.6,0.548,0.227
445,Jr,Xavier Cooks,Winthrop,BSth,71.3,2.7,5.9,105.3,30.0,53.1,56.1,6.4,27.8,22.4,18.5,6.0,1.6,39.5,0.534,0.35
447,Fr,Amir Coffey,Minnesota,B10,78.9,2.7,3.8,107.3,19.2,50.3,55.9,2.3,9.6,17.9,17.3,0.4,1.8,50.0,0.503,0.337
448,Sr,Avery Woodson,Butler,BE,55.7,2.7,5.6,123.0,16.1,59.0,60.1,1.4,12.9,5.7,5.3,1.4,0.8,10.9,0.467,0.421
449,So,Kimbal Mackenzie,Bucknell,Pat,75.1,2.7,2.6,115.6,18.3,57.3,61.4,1.5,6.9,14.5,16.1,0.2,2.2,32.4,0.526,0.41
450,Sr,Moses Kingsley,Arkansas,SEC,69.3,2.7,4.1,106.3,22.8,47.8,54.2,9.1,21.0,8.9,17.1,9.8,1.3,53.0,0.469,0.438
467,So,Rickey McGill,Iona,MAAC,79.4,2.6,2.6,114.8,18.7,52.3,56.8,2.8,9.9,27.9,18.5,1.3,3.1,35.6,0.53,0.338
469,Sr,Dylan Ennis,Oregon,P12,79.9,2.6,4.8,109.0,18.8,50.8,54.4,2.8,12.8,16.6,17.8,1.5,2.1,33.1,0.481,0.361
474,Sr,Deonte Burton,Iowa St.,B12,72.6,2.6,5.1,99.2,27.2,50.3,52.6,4.4,18.6,11.4,16.1,4.8,3.3,26.3,0.483,0.375
477,Jr,Payton Henson,Vermont,AE,58.3,2.6,3.3,116.2,21.1,55.7,59.6,6.7,17.1,8.4,13.8,1.5,1.2,32.0,0.592,0.309
480,So,Terance Mann,Florida St.,ACC,62.6,2.6,5.2,120.1,16.1,59.3,61.2,8.6,11.5,10.9,16.4,0.7,2.2,44.9,0.611,0.304
483,Jr,Isaiah Wilkins,Virginia,ACC,63.3,2.6,8.9,117.6,15.9,56.8,59.2,11.7,17.4,8.4,16.2,6.8,2.5,35.2,0.555,0.571
485,Sr,Jordan Mathews,Gonzaga,WCC,70.0,2.6,6.6,116.8,16.9,53.5,56.3,2.9,8.9,8.5,9.7,0.4,1.8,27.6,0.431,0.392
486,Fr,Zach Collins,Gonzaga,WCC,43.1,2.6,10.0,120.6,24.8,67.6,70.3,12.2,23.2,4.4,20.2,9.8,1.5,71.5,0.672,0.476
489,Jr,Sviatoslav Mykhailiuk,Kansas,B12,67.6,2.6,4.6,115.6,15.5,56.8,58.0,3.4,8.6,7.7,14.6,0.9,1.8,16.8,0.519,0.398
491,Sr,Deon Edwin,Kent St.,MAC,71.3,2.6,4.1,110.7,23.2,50.9,55.2,6.6,15.1,16.2,17.9,1.7,2.6,44.2,0.508,0.34
494,Sr,JaJuan Johnson,Marquette,BE,62.7,2.6,5.2,105.0,24.6,52.9,56.6,3.2,15.4,18.9,20.2,1.8,4.1,28.4,0.512,0.381
511,Jr,Duncan Robinson,Michigan,B10,49.8,2.5,5.5,123.2,17.0,61.9,63.2,1.9,9.3,8.3,9.2,1.2,1.2,14.9,0.578,0.424
512,Jr,Isaac Haas,Purdue,B10,48.2,2.5,2.9,106.5,30.5,58.7,62.4,11.5,18.0,6.4,21.4,3.8,0.8,63.8,0.587,0.0
530,Sr,Landen Lucas,Kansas,B12,61.5,2.5,3.8,114.5,16.5,63.1,63.6,13.7,21.8,6.8,23.4,3.8,1.1,47.5,0.631,0.0
533,So,Donte DiVincenzo,Villanova,BE,63.8,2.5,5.5,112.0,19.1,55.6,58.1,5.5,12.7,12.0,18.1,1.3,2.2,35.5,0.563,0.365
536,Fr,Carson Williams,Northern Kentucky,Horz,62.7,2.5,2.4,117.3,20.2,59.3,62.4,10.7,15.5,9.8,17.4,1.6,1.1,59.8,0.599,0.0
538,Jr,Daxter Miles Jr.,West Virginia,B12,46.0,2.5,7.1,116.4,19.2,52.8,54.0,6.3,7.0,14.1,11.3,0.5,3.7,29.2,0.555,0.333
543,Jr,Johnathan Williams,Gonzaga,WCC,60.6,2.4,7.2,115.0,19.4,62.2,61.7,9.2,18.2,5.7,15.8,3.6,1.6,48.1,0.626,0.4
548,Sr,Manuale Watkins,Arkansas,SEC,55.7,2.4,5.5,126.9,12.4,60.3,60.3,5.3,14.0,14.1,11.2,0.1,3.1,18.2,0.584,0.464
549,Sr,Ambrose Mosley,UNC Wilmington,CAA,61.5,2.4,3.0,127.4,13.7,60.7,61.3,4.6,9.3,7.8,10.7,0.4,1.5,9.5,0.571,0.411
557,Sr,Tarik Phillip,West Virginia,B12,59.8,2.4,7.9,110.4,20.3,47.6,53.1,2.7,11.2,21.4,17.4,1.9,3.9,47.6,0.426,0.379
559,Fr,Myles Powell,Seton Hall,BE,58.8,2.4,4.5,112.2,20.1,50.5,53.6,2.6,8.0,7.3,11.6,0.8,2.2,19.9,0.521,0.332
562,Jr,Jaylen Barford,Arkansas,SEC,63.6,2.4,2.1,101.7,26.3,47.5,51.1,4.9,11.2,15.4,16.2,0.7,2.7,27.5,0.503,0.266
566,Jr,Lavone Holland II,Northern Kentucky,Horz,78.5,2.4,1.2,102.9,26.7,51.0,54.0,2.0,8.2,26.5,20.4,0.8,2.5,42.3,0.481,0.372
567,So,Chris Silva,South Carolina,SEC,51.9,2.4,4.1,108.5,24.6,52.4,59.7,12.0,20.4,3.8,19.9,7.4,1.7,78.4,0.527,0.0
568,So,Jaylin Walker,Kent St.,MAC,73.3,2.4,0.7,106.4,23.9,48.8,51.9,5.2,10.3,5.6,15.6,0.0,1.4,21.9,0.477,0.331
572,Fr,Jarron Cumberland,Cincinnati,Amer,46.1,2.4,7.5,118.6,21.2,58.7,60.3,6.3,8.3,14.9,15.1,1.6,3.1,43.3,0.649,0.355
573,So,Myles Stephens,Princeton,Ivy,70.3,2.4,3.2,108.1,23.4,57.3,58.6,6.0,14.3,8.6,15.2,3.3,1.4,25.8,0.559,0.405
575,So,Dupree McBrayer,Minnesota,B10,68.1,2.4,4.2,107.8,19.9,51.2,55.4,1.0,6.3,19.5,15.4,1.0,1.7,39.2,0.462,0.416
576,Jr,Zach Lofton,Texas Southern,SWAC,80.9,2.4,-0.1,105.1,26.7,45.8,53.3,2.8,10.2,16.3,15.3,0.9,2.4,53.2,0.487,0.258
579,Jr,Jaylen Johnson,Louisville,ACC,50.8,2.4,4.5,115.7,19.7,60.0,61.1,14.4,16.7,4.8,18.7,2.7,1.3,48.9,0.59,0.571
580,Jr,Al Freeman,Baylor,B12,53.2,2.4,3.5,110.7,19.8,51.9,57.8,3.3,8.7,9.4,20.2,0.0,1.1,42.0,0.465,0.38
583,Jr,Jemerrio Jones,New Mexico St.,WAC,62.0,2.4,6.0,109.4,24.3,51.6,53.7,14.1,24.7,24.0,19.8,3.0,2.4,39.3,0.529,0.25
590,So,Esa Ahmad,West Virginia,B12,53.8,2.4,4.7,105.5,24.4,50.7,55.4,8.2,12.6,13.4,20.3,3.1,2.1,60.2,0.494,0.395
591,Sr,Kadeem Allen,Arizona,P12,68.9,2.4,6.3,108.5,18.4,52.1,57.0,1.5,13.7,17.8,20.7,2.3,3.1,49.2,0.466,0.427
595,Sr,Cole Murray,Northern Kentucky,Horz,73.9,2.3,2.5,123.9,13.2,62.0,62.8,0.7,11.4,6.9,11.1,1.4,1.0,7.8,0.696,0.409
599,Fr,Anthony Lamb,Vermont,AE,56.5,2.3,3.0,106.7,30.1,55.0,58.0,11.0,18.6,6.3,18.0,5.7,2.2,31.5,0.535,0.41
600,Jr,Tyler Wideman,Butler,BE,57.0,2.3,3.0,117.0,16.6,61.5,63.0,11.6,16.0,3.6,17.5,4.0,1.5,51.9,0.623,0.0
604,Jr,Jo Lual-Acuil Jr.,Baylor,B12,65.9,2.3,6.0,110.8,17.4,56.4,55.6,10.9,19.2,2.7,14.1,10.4,0.8,39.0,0.571,0.333
605,Jr,Ahmed Hill,Virginia Tech,ACC,73.6,2.3,1.5,110.1,17.7,55.3,58.4,1.3,11.1,7.5,12.2,0.6,0.5,34.4,0.542,0.373
611,Fr,Kevin Huerter,Maryland,B10,74.1,2.3,6.9,110.7,16.4,54.3,55.4,2.7,16.0,17.9,16.8,2.4,1.9,11.0,0.494,0.379
619,Jr,Chris Chiozza,Florida,SEC,54.8,2.3,6.5,110.8,19.6,48.8,54.2,2.1,14.6,30.8,20.4,0.0,3.4,39.8,0.5,0.316
623,Sr,Cole Huff,Creighton,BE,58.2,2.3,4.5,118.8,15.7,58.7,61.8,2.6,15.4,4.4,9.7,0.5,1.0,24.9,0.442,0.462
624,So,PJ Dozier,South Carolina,SEC,68.8,2.3,6.0,96.2,28.0,44.5,46.6,4.1,15.5,23.0,15.9,1.2,3.3,28.0,0.452,0.285
633,Sr,Mangok Mathiang,Louisville,ACC,50.1,2.2,5.1,113.3,20.0,53.1,55.8,13.7,18.2,6.4,16.1,6.1,1.4,38.8,0.531,0.0
634,So,Ernie Duncan,Vermont,AE,68.9,2.2,3.5,120.5,15.1,55.1,57.3,1.5,8.6,13.6,10.8,0.3,1.3,15.0,0.389,0.4
640,Sr,Leyton Hammonds,Oklahoma St.,B12,56.6,2.2,3.0,115.2,16.2,52.1,55.6,6.6,19.0,5.3,15.5,2.1,1.6,21.6,0.528,0.343
646,Sr,Duane Notice,South Carolina,SEC,81.0,2.2,4.1,108.0,15.9,50.2,52.7,2.9,6.0,14.3,15.8,0.6,1.7,30.9,0.471,0.345
652,Jr,Parker Jackson-Cartwright,Arizona,P12,52.2,2.2,5.7,117.7,15.1,54.1,57.4,1.7,9.6,28.0,21.1,0.6,2.8,40.6,0.435,0.423
656,So,Kevarrius Hayes,Florida,SEC,45.3,2.2,7.8,121.6,16.0,60.2,63.1,11.8,15.4,2.0,14.6,9.3,2.2,78.9,0.606,0.0
659,Fr,Justin Jackson,Maryland,B10,70.0,2.2,3.9,105.7,19.6,52.9,56.0,7.3,16.4,6.3,17.5,3.0,1.8,36.2,0.443,0.441
660,Fr,Kyle Guy,Virginia,ACC,45.9,2.2,6.9,114.8,20.7,56.3,57.8,1.0,10.4,15.2,10.6,0.2,1.4,17.1,0.382,0.495
661,So,Xeyrius Williams,Dayton,A10,56.0,2.2,4.3,116.9,17.2,59.5,61.8,8.6,16.1,8.0,14.9,5.3,1.3,24.5,0.548,0.429
662,Sr,Justin Leon,Florida,SEC,55.3,2.2,5.0,116.4,15.3,54.7,57.2,6.8,13.3,3.9,13.0,0.6,1.2,20.2,0.478,0.398
663,Sr,Nolan Cressler,Vanderbilt,SEC,58.9,2.2,4.8,111.8,17.3,59.9,60.8,4.1,15.9,16.3,18.8,0.1,1.4,15.9,0.567,0.432
672,Jr,Ja'Quan Newton,Miami FL,ACC,71.1,2.2,1.1,95.5,27.8,46.8,51.1,2.3,10.8,23.6,23.0,0.1,2.2,40.1,0.476,0.275
677,Fr,Kamar Baldwin,Butler,BE,66.9,2.2,6.6,106.3,19.4,55.7,57.4,2.1,15.1,10.7,17.2,2.2,3.8,16.1,0.557,0.372
681,Jr,Junior Robinson,Mount St. Mary's,NEC,83.2,2.2,-0.3,103.7,23.1,51.6,57.4,0.8,4.8,17.9,19.5,0.3,1.6,36.0,0.446,0.398
683,Sr,Derek Willis,Kentucky,SEC,54.6,2.1,8.4,121.8,13.1,59.8,60.6,5.2,21.0,6.3,13.2,4.6,1.6,15.6,0.653,0.377
692,Sr,Mo Alie-Cox,VCU,A10,64.9,2.1,4.9,110.2,18.7,54.3,58.7,9.5,8.9,7.4,18.4,8.4,1.8,47.0,0.543,0.0
693,Fr,Payton Pritchard,Oregon,P12,71.1,2.1,3.5,111.7,15.8,50.2,53.2,2.6,10.7,20.5,18.7,0.3,2.4,26.5,0.465,0.353
694,So,Kamau Stokes,Kansas St.,B12,82.9,2.1,0.8,97.5,22.7,45.1,50.9,1.6,7.6,24.1,22.3,0.0,1.9,41.5,0.348,0.364
695,Jr,Shaquille Morris,Wichita St.,MVC,42.6,2.1,6.2,112.5,24.7,52.6,57.5,7.7,22.9,12.3,15.6,6.9,1.2,38.6,0.533,0.286
698,Sr,Spencer Weisz,Princeton,Ivy,84.5,2.1,4.1,105.8,20.3,48.0,49.9,2.9,16.8,23.9,14.5,1.1,2.8,16.3,0.442,0.337
699,Sr,Marvin Jones,Texas Southern,SWAC,60.2,2.1,1.7,126.0,15.4,61.2,66.2,9.0,22.0,4.3,14.5,6.0,1.4,66.5,0.649,0.211
702,So,Jordan Murphy,Minnesota,B10,67.2,2.1,2.9,103.0,21.8,50.9,53.6,9.6,23.5,6.4,15.6,3.7,1.4,51.6,0.549,0.125
717,Jr,Devon Hall,Virginia,ACC,67.4,2.1,4.5,105.6,19.1,47.3,51.3,3.1,17.3,14.0,13.1,0.6,1.3,27.3,0.428,0.372
718,Sr,RaShid Gaston,Xavier,BE,45.2,2.1,3.3,113.2,20.8,59.0,58.8,15.8,22.5,7.0,16.7,3.2,0.5,46.7,0.59,0.0
724,Sr,Dane Pineau,Saint Mary's,WCC,57.8,2.1,5.5,117.1,16.0,62.4,61.8,12.7,19.6,5.9,18.8,4.8,2.5,33.3,0.672,0.227
725,Fr,Cassius Winston,Michigan St.,B10,51.5,2.1,3.3,106.1,23.5,49.7,54.8,1.0,8.6,46.7,26.5,0.7,2.1,38.5,0.45,0.38
728,Jr,Darral Willis Jr.,Wichita St.,MVC,41.1,2.0,4.3,109.4,28.9,53.7,58.6,11.9,21.0,8.5,18.2,5.5,1.4,55.4,0.539,0.0
753,Fr,De'Anthony Melton,USC,P12,67.3,2.0,6.3,108.0,19.1,48.3,53.0,6.0,13.6,22.5,19.7,3.9,4.1,47.2,0.51,0.284
754,So,Haanif Cheatham,Marquette,BE,63.3,2.0,1.0,106.7,19.0,49.0,55.2,3.4,14.5,14.5,18.5,0.5,1.6,50.7,0.491,0.325
760,Jr,Christian Terrell,Florida Gulf Coast,ASun,71.2,2.0,1.8,113.7,17.8,50.8,53.2,3.4,9.4,14.4,12.5,0.9,1.5,22.9,0.508,0.338
768,Jr,Chima Moneke,UC Davis,BW,67.9,2.0,2.4,99.6,28.3,51.8,55.2,11.2,29.6,7.5,19.4,5.8,1.8,60.8,0.518,0.0
771,Jr,Mitchell Solomon,Oklahoma St.,B12,50.5,2.0,1.9,115.8,15.6,49.6,56.0,17.3,12.8,6.6,21.2,6.4,1.1,53.7,0.513,0.0
792,So,Elijah Long,Mount St. Mary's,NEC,85.7,1.9,0.5,96.2,27.9,46.6,51.7,1.6,16.1,27.4,20.7,0.2,2.7,41.2,0.424,0.382
804,So,Barry Brown,Kansas St.,B12,81.6,1.9,3.8,98.5,20.4,47.5,49.8,1.9,9.8,14.9,15.4,0.4,4.2,33.1,0.466,0.326
808,Sr,Kurt Steidl,Vermont,AE,71.9,1.9,4.1,121.1,12.7,55.4,58.7,2.0,15.8,7.0,9.8,2.3,1.8,24.8,0.452,0.4
810,Sr,Kuran Iverson,Rhode Island,A10,64.8,1.9,4.4,104.0,21.5,51.9,53.4,9.4,21.7,13.1,19.2,5.3,1.4,37.6,0.551,0.296
812,Jr,Desonta Bradford,East Tennessee St.,SC,73.5,1.9,3.7,108.9,18.8,53.5,59.1,2.3,14.2,21.5,23.1,3.2,2.1,51.3,0.544,0.346
813,Jr,Malcolm Drumwright,Jacksonville St.,OVC,82.6,1.9,-1.3,103.1,22.4,50.0,53.1,1.0,7.2,23.0,19.7,0.7,1.1,19.9,0.468,0.357
816,Sr,Jon Severe,Iona,MAAC,65.6,1.9,0.6,108.2,20.8,55.2,58.8,3.1,11.9,15.0,19.2,0.3,1.4,24.7,0.474,0.424
827,Jr,Donovan Jackson,Iowa St.,B12,41.3,1.9,3.8,119.8,16.4,58.3,61.1,0.4,5.7,12.2,11.2,0.0,1.7,25.2,0.439,0.454
828,So,Christian Cunningham,Jacksonville St.,OVC,64.8,1.9,3.1,115.4,16.5,60.8,61.2,13.4,22.2,8.0,19.0,7.5,1.3,38.6,0.608,0.0
841,Sr,Eron Harris,Michigan St.,B10,44.0,1.8,2.4,101.8,24.2,52.4,55.3,2.8,11.7,15.5,18.4,0.8,1.0,25.2,0.472,0.387
855,Jr,Silas Melson,Gonzaga,WCC,59.6,1.8,5.0,117.1,14.0,54.6,57.9,2.4,7.9,9.9,13.4,0.7,1.6,23.0,0.505,0.391
856,Sr,Darryl Reynolds,Villanova,BE,51.3,1.8,4.5,119.7,11.3,68.8,69.2,11.8,16.6,4.1,25.6,4.7,1.3,53.8,0.688,0.0
858,So,Eric Paschall,Villanova,BE,54.2,1.8,2.0,109.7,18.1,56.2,58.3,8.6,12.8,5.2,18.5,2.7,1.5,30.3,0.638,0.279
863,Fr,Kobi Simmons,Arizona,P12,58.9,1.8,1.0,104.2,21.1,45.4,50.1,1.9,6.0,15.8,15.0,0.4,1.6,31.6,0.435,0.327
871,Sr,Kethan Savage,Butler,BE,44.7,1.8,4.1,105.3,21.5,48.3,54.5,1.1,15.3,14.0,15.4,1.2,2.6,54.6,0.5,0.292
874,Sr,Sam Cassell Jr.,Iona,MAAC,74.6,1.8,0.6,108.2,18.5,50.0,53.1,1.2,9.9,17.3,13.9,0.2,1.6,19.5,0.411,0.364
882,Fr,E.J. Crawford,Iona,MAAC,61.8,1.8,0.0,115.7,16.2,56.8,59.8,2.5,10.6,7.9,12.2,0.8,0.8,28.0,0.458,0.448
884,Sr,A.J. Hess,South Dakota St.,Sum,53.0,1.8,0.2,113.6,16.3,54.1,57.4,2.4,13.3,4.5,10.0,1.6,1.1,21.7,0.457,0.372
907,Jr,Anton Beard,Arkansas,SEC,52.4,1.7,2.3,108.8,18.4,47.9,52.3,4.4,6.4,15.8,15.3,0.1,2.9,35.2,0.439,0.356
908,Jr,Ty Outlaw,Virginia Tech,ACC,44.0,1.7,5.3,124.5,13.0,68.2,68.7,2.2,15.9,3.4,11.2,1.9,0.9,6.8,0.483,0.487
924,Sr,Dominique Hawkins,Kentucky,SEC,47.9,1.7,4.5,121.6,11.8,48.2,54.2,3.4,5.7,13.1,11.1,0.0,2.2,38.1,0.453,0.344
926,Jr,Justin Bibbs,Virginia Tech,ACC,77.6,1.7,1.7,108.5,14.5,54.2,55.9,1.5,8.7,9.1,12.6,0.3,0.6,15.9,0.371,0.432
927,Sr,Sabri Thompson,Northwestern St.,Slnd,77.6,1.7,-0.2,105.8,20.0,53.3,55.5,4.3,10.2,9.9,16.0,0.5,1.6,24.9,0.398,0.416
934,Jr,A.J. Jacobson,North Dakota St.,Sum,79.3,1.7,1.1,111.3,16.6,53.1,57.8,1.7,17.5,13.5,15.5,2.3,1.0,41.1,0.433,0.411
939,Sr,Matt Jones,Duke,ACC,82.2,1.7,4.5,109.5,11.9,50.4,51.7,3.7,6.0,9.7,16.2,0.5,3.0,10.9,0.489,0.342
951,Sr,Akeem Springs,Minnesota,B10,54.9,1.7,4.0,104.8,19.1,50.6,52.2,2.4,10.4,11.2,11.7,0.8,1.3,17.5,0.376,0.383
952,Jr,Marial Shayok,Virginia,ACC,50.9,1.7,5.0,99.1,25.6,48.0,51.1,2.2,12.6,10.8,13.3,2.0,2.8,19.9,0.477,0.328
954,So,Lagerald Vick,Kansas,B12,60.3,1.7,3.5,109.3,14.7,52.1,55.2,4.8,11.0,6.2,17.3,1.7,1.3,21.0,0.496,0.37
955,Jr,Anders Broman,Winthrop,BSth,54.5,1.7,2.0,120.2,15.5,60.8,62.8,0.7,6.3,11.0,13.0,0.6,1.7,17.5,0.449,0.443
957,So,Jake Lindsey,Baylor,B12,56.8,1.6,4.4,113.2,13.3,51.9,53.9,2.6,8.5,23.9,23.3,1.8,1.4,22.5,0.468,0.4
959,Sr,Tevin Glass,East Tennessee St.,SC,56.0,1.6,1.9,110.4,19.9,55.5,59.6,9.7,22.5,7.1,18.6,2.9,1.9,53.2,0.572,0.214
981,Jr,Zach Brown,Wichita St.,MVC,52.6,1.6,3.9,110.2,18.4,49.0,53.2,5.9,10.3,12.9,15.6,1.1,1.8,45.9,0.472,0.336
983,Jr,Reed Tellinghuisen,South Dakota St.,Sum,81.9,1.6,-0.1,104.0,19.0,50.0,53.3,3.8,12.5,10.3,15.8,2.9,1.4,22.1,0.517,0.327
987,So,Jalen Avery,Kent St.,MAC,58.1,1.6,-0.2,125.1,10.5,49.6,55.2,1.7,6.9,13.8,11.8,0.0,1.0,41.9,0.34,0.398
988,Sr,Ishmail Wainright,Baylor,B12,74.2,1.6,6.4,107.2,13.6,48.5,50.9,6.5,13.9,18.8,24.9,0.9,3.5,24.4,0.55,0.284
991,Jr,Darius Thompson,Virginia,ACC,49.7,1.6,6.8,105.5,19.2,52.0,53.3,1.1,8.9,21.4,16.7,2.4,2.7,25.1,0.515,0.351
1001,Sr,Xavier Habersham,Middle Tennessee,CUSA,48.8,1.6,2.5,122.3,13.5,64.8,65.6,3.8,7.2,14.8,19.6,0.5,1.1,16.4,0.605,0.447
1005,Sr,Greg Tucker,Jacksonville St.,OVC,76.3,1.6,-2.0,102.7,21.4,45.8,51.9,1.5,6.1,15.6,17.5,0.2,1.2,36.4,0.366,0.346
1010,So,Schadrac Casimir,Iona,MAAC,48.3,1.6,0.9,118.0,16.0,54.3,59.8,3.0,5.2,12.3,14.2,0.3,1.5,29.3,0.423,0.427
1014,So,Ryan Cline,Purdue,B10,46.9,1.5,4.0,117.6,11.7,59.3,60.3,1.0,9.4,12.4,16.3,0.5,0.9,8.2,0.48,0.413
1015,Jr,Reggie Lynch,Minnesota,B10,54.9,1.5,5.0,103.5,19.2,54.3,56.7,9.9,17.4,4.0,19.0,14.5,1.1,48.7,0.543,0.0
1021,So,Lindsey Drew,Nevada,MWC,79.9,1.5,3.5,110.4,13.0,53.7,54.6,3.9,12.6,24.4,24.6,2.7,2.1,37.0,0.471,0.433
1026,Fr,Xavier Sneed,Kansas St.,B12,45.5,1.5,3.3,106.8,19.5,53.3,57.0,5.7,11.3,6.9,16.6,1.2,3.1,40.1,0.571,0.339
